{"cameraMode":{"drawMode":0,"name":"Shaded","section":"Shading Mode"},"sceneLighting":true,"audioPlay":false,"sceneViewState":{"m_AlwaysRefresh":false,"showFog":true,"showSkybox":true,"showFlares":true,"showImageEffects":true,"showParticleSystems":true,"showVisualEffectGraphs":true,"m_FxEnabled":true},"in2DMode":false,"pivot":{"x":22.403316497802736,"y":16.799346923828126,"z":-9.880256652832032},"rotation":{"x":0.07319072633981705,"y":0.3699035048484802,"z":-0.029283812269568445,"w":0.9257727265357971},"size":28.697481155395509,"orthographic":false}